Installed Units,Technology,Total Installed Capacity
25.728845929850568,Solar PV,25.728845929850568
20.47695293,Diesel Generator,20.47695293
