Installed Units,Technology,Total Installed Capacity
40.00358670157399,Solar PV,40.00358670157399
109.09478754060565,Battery Storage,109.09478754060565
1.6492685806701497,Diesel Generator,1.6492685806701497
