Installed Units,Technology,Total Installed Capacity
24.96891598491387,Solar PV,24.96891598491387
74.5511518562559,Battery Storage,74.5511518562559
4.605470042866239,Diesel Generator,4.605470042866239
