Installed Units,Technology,Total Installed Capacity
75.66420303396404,Solar PV,75.66420303396404
137.2499983274754,Battery Storage,137.2499983274754
-9.994364762366297e-9,Diesel Generator,-9.994364762366297e-9
