Installed Units,Technology,Total Installed Capacity
16.626247729706144,Solar PV,16.626247729706144
20.47695293,Diesel Generator,20.47695293
