Installed Units,Technology,Total Installed Capacity
34.075052512539955,Solar PV,34.075052512539955
130.15265741659692,Battery Storage,130.15265741659692
8.822569927737215,Diesel Generator,8.822569927737215
