Installed Units,Technology,Total Installed Capacity
38.892544424817245,Solar PV,38.892544424817245
103.00437226089413,Battery Storage,103.00437226089413
-9.999998353559058e-9,Diesel Generator,-9.999998353559058e-9
