Installed Units,Technology,Total Installed Capacity
42.78468073979855,Solar PV,42.78468073979855
119.95452050986677,Battery Storage,119.95452050986677
4.629009547531947,Diesel Generator,4.629009547531947
