Installed Units,Technology,Total Installed Capacity
55.84415877913607,Solar PV,55.84415877913607
275.9894892627344,Battery Storage,275.9894892627344
1.0440236552024704,Diesel Generator,1.0440236552024704
