Installed Units,Technology,Total Installed Capacity
45.305849973144035,Solar PV,45.305849973144035
247.5428208710662,Battery Storage,247.5428208710662
0.0,Diesel Generator,0.0
