Installed Units,Technology,Total Installed Capacity
49.748752531657416,Solar PV,49.748752531657416
215.47496656804006,Battery Storage,215.47496656804006
3.130837004098908,Diesel Generator,3.130837004098908
