Installed Units,Technology,Total Installed Capacity
128.40423752439364,Solar PV,128.40423752439364
366.2611844856426,Battery Storage,366.2611844856426
0.72129024951212,Diesel Generator,0.72129024951212
