Installed Units,Technology,Total Installed Capacity
40.39752187285478,Solar PV,40.39752187285478
110.72066011894685,Battery Storage,110.72066011894685
1.928711114489567,Diesel Generator,1.928711114489567
