Installed Units,Technology,Total Installed Capacity
32.930731033769405,Solar PV,32.930731033769405
112.81829923462337,Battery Storage,112.81829923462337
5.761954018703383,Diesel Generator,5.761954018703383
