Installed Units,Technology,Total Installed Capacity
38.41584442767354,Solar PV,38.41584442767354
102.3847633261534,Battery Storage,102.3847633261534
-9.999869533356904e-9,Diesel Generator,-9.999869533356904e-9
