Installed Units,Technology,Total Installed Capacity
41.665033828279306,Solar PV,41.665033828279306
117.89797329993436,Battery Storage,117.89797329993436
4.623050844582294,Diesel Generator,4.623050844582294
